POST,GROUP_ID,GROUP_TIME,SLICE_TIME
AcceptCallAction_unmarshall,10_28/000,6340.428571,8665
InformationItem_not_instantiable,10_28/000,6340.428571,8283
ObjectFlow_is_multicast_or_is_multireceive,10_28/000,6340.428571,8261
Parameter_stream_and_exception,10_28/000,6340.428571,7871
FinalState_no_regions,10_28/000,6340.428571,9209
Reception_same_name_as_signal,10_28/000,6340.428571,10755
State_submachine_or_regions,10_28/000,6340.428571,10489
ActivityParameterNode_has_parameters,10_28/001,180000,17710
ActivityParameterNode_no_edges,10_28/001,180000,9099
DecisionNode_decision_input_flow_incoming,10_28/001,180000,14336
Extend_extension_points,10_28/001,180000,35007
FinalState_no_outgoing_transitions,10_28/002,4521.5,9802
ForkNode_one_incoming_edge,10_28/002,4521.5,9369
InitialNode_no_incoming_edges,10_28/002,4521.5,9087
InitialNode_control_edges,10_28/002,4521.5,9606
JoinNode_one_outgoing_edge,10_28/002,4521.5,9615
MergeNode_one_outgoing_edge,10_28/002,4521.5,9612
Property_derived_union_is_read_only,10_28/003,5361.75,10798
Property_derived_union_is_derived,10_28/003,5361.75,11250
Property_subsetted_property_names,10_28/003,5361.75,11304
ValuePin_no_incoming_edges,10_28/003,5361.75,9483
State_submachine_states,10_28/004,9477.333333,11727
State_composite_states,10_28/004,9477.333333,11710
AcceptEventAction_no_output_pins,10_28/004,9477.333333,10286
CallAction_synchronous_call,10_28/005,10862,13167
ConditionalNode_no_input_pins,10_28/005,10862,10693
Pin_control_pins,10_28/005,10862,13351
Pin_not_unique,10_28/005,10862,12851
Enumeration_immutable,10_28/006,12395.66667,12075
Extension_is_binary,10_28/006,12395.66667,10632
FinalNode_no_outgoing_edges,10_28/006,12395.66667,10893
AcceptEventAction_no_input_pins,10_28/007,0,0
Node_internal_structure,10_28/008,0,0
State_destinations_or_sources_of_transitions,10_28/009,0,0
ExecutionSpecification_same_lifeline,10_28/010,0,0
StructuralFeatureAction_not_static,10_28/011,0,0
BehavioralFeature_abstract_no_method,10_28/012,0,0
InformationItem_has_no,10_28/013,0,0
ReadLinkObjectEndAction_ends_of_association,10_28/014,0,0
LinkAction_not_static,10_28/015,0,0
StringExpression_operands,10_28/016,0,0
Behavior_feature_of_context_classifier,10_28/017,0,0
CommunicationPath_association_ends,10_28/018,0,0
Component_no_nested_classifiers,10_28/019,0,0
ClassifierTemplateParameter_has_constraining_classifier,10_28/020,0,0
CreateObjectAction_classifier_not_abstract,10_28/021,0,0
CreateObjectAction_classifier_not_association_class,10_28/022,0,0
InformationFlow_convey_classifiers,10_28/023,0,0
ActionInputPin_one_output_pin,10_28/024,0,0
ActionInputPin_input_pin,10_28/025,0,0
AcceptCallAction_unmarshall,11_30/000,8582,8665
InformationItem_not_instantiable,11_30/000,8582,8283
ObjectFlow_is_multicast_or_is_multireceive,11_30/000,8582,8261
Parameter_stream_and_exception,11_30/000,8582,7871
FinalState_no_regions,11_30/000,8582,9209
Reception_same_name_as_signal,11_30/000,8582,10755
State_submachine_or_regions,11_30/000,8582,10489
State_composite_states,11_30/000,8582,11710
ActivityParameterNode_has_parameters,11_30/001,180000,17710
ActivityParameterNode_no_edges,11_30/001,180000,9099
DecisionNode_decision_input_flow_incoming,11_30/001,180000,14336
Extend_extension_points,11_30/001,180000,35007
ValuePin_no_incoming_edges,11_30/001,180000,9483
FinalState_no_outgoing_transitions,11_30/002,5114,9802
ForkNode_one_incoming_edge,11_30/002,5114,9369
InitialNode_no_incoming_edges,11_30/002,5114,9087
InitialNode_control_edges,11_30/002,5114,9606
JoinNode_one_outgoing_edge,11_30/002,5114,9615
MergeNode_one_outgoing_edge,11_30/002,5114,9612
Property_derived_union_is_read_only,11_30/003,6301.25,10798
Property_derived_union_is_derived,11_30/003,6301.25,11250
Property_subsetted_property_names,11_30/003,6301.25,11304
State_submachine_states,11_30/003,6301.25,11727
AcceptEventAction_no_output_pins,11_30/004,14178.66667,10286
CallAction_synchronous_call,11_30/004,14178.66667,13167
Pin_not_unique,11_30/004,14178.66667,12851
ConditionalNode_no_input_pins,11_30/005,14667,10693
Enumeration_immutable,11_30/005,14667,12075
Extension_is_binary,11_30/005,14667,10632
FinalNode_no_outgoing_edges,11_30/006,15852,10893
Pin_control_pins,11_30/006,15852,13351
AcceptEventAction_no_input_pins,11_30/006,15852,13143
Node_internal_structure,11_30/007,0,0
State_destinations_or_sources_of_transitions,11_30/008,0,0
ExecutionSpecification_same_lifeline,11_30/009,0,0
StructuralFeatureAction_not_static,11_30/010,0,0
BehavioralFeature_abstract_no_method,11_30/011,0,0
InformationItem_has_no,11_30/012,0,0
ReadLinkObjectEndAction_ends_of_association,11_30/013,0,0
LinkAction_not_static,11_30/014,0,0
StringExpression_operands,11_30/015,0,0
Behavior_feature_of_context_classifier,11_30/016,0,0
CommunicationPath_association_ends,11_30/017,0,0
Component_no_nested_classifiers,11_30/018,0,0
ClassifierTemplateParameter_has_constraining_classifier,11_30/019,0,0
CreateObjectAction_classifier_not_abstract,11_30/020,0,0
CreateObjectAction_classifier_not_association_class,11_30/021,0,0
InformationFlow_convey_classifiers,11_30/022,0,0
ActionInputPin_one_output_pin,11_30/023,0,0
ActionInputPin_input_pin,11_30/024,0,0
AcceptCallAction_unmarshall,12_33/000,17452.25,8665
InformationItem_not_instantiable,12_33/000,17452.25,8283
ObjectFlow_is_multicast_or_is_multireceive,12_33/000,17452.25,8261
Parameter_stream_and_exception,12_33/000,17452.25,7871
FinalState_no_regions,12_33/000,17452.25,9209
Reception_same_name_as_signal,12_33/000,17452.25,10755
State_submachine_or_regions,12_33/000,17452.25,10489
ActivityParameterNode_has_parameters,12_33/000,17452.25,17710
ActivityParameterNode_no_edges,12_33/001,180000,9099
DecisionNode_decision_input_flow_incoming,12_33/001,180000,14336
Extend_extension_points,12_33/001,180000,35007
FinalState_no_outgoing_transitions,12_33/001,180000,9802
ForkNode_one_incoming_edge,12_33/001,180000,9369
InitialNode_no_incoming_edges,12_33/002,10831.75,9087
InitialNode_control_edges,12_33/002,10831.75,9606
JoinNode_one_outgoing_edge,12_33/002,10831.75,9615
MergeNode_one_outgoing_edge,12_33/002,10831.75,9612
Property_derived_union_is_read_only,12_33/002,10831.75,10798
Property_derived_union_is_derived,12_33/002,10831.75,11250
Enumeration_immutable,12_33/002,10831.75,12075
Extension_is_binary,12_33/002,10831.75,10632
Property_subsetted_property_names,12_33/003,12527.5,11304
State_submachine_states,12_33/003,12527.5,11727
State_composite_states,12_33/003,12527.5,11710
ValuePin_no_incoming_edges,12_33/003,12527.5,9483
AcceptEventAction_no_output_pins,12_33/004,18221.33333,10286
CallAction_synchronous_call,12_33/004,18221.33333,13167
ConditionalNode_no_input_pins,12_33/004,18221.33333,10693
FinalNode_no_outgoing_edges,12_33/005,13786.5,10893
Pin_control_pins,12_33/005,13786.5,13351
Pin_not_unique,12_33/005,13786.5,12851
AcceptEventAction_no_input_pins,12_33/005,13786.5,13143
Node_internal_structure,12_33/006,180000,70589
StructuralFeatureAction_not_static,12_33/006,180000,86122
State_destinations_or_sources_of_transitions,12_33/007,0,0
ExecutionSpecification_same_lifeline,12_33/008,0,0
BehavioralFeature_abstract_no_method,12_33/009,0,0
InformationItem_has_no,12_33/010,0,0
ReadLinkObjectEndAction_ends_of_association,12_33/011,0,0
LinkAction_not_static,12_33/012,0,0
StringExpression_operands,12_33/013,0,0
Behavior_feature_of_context_classifier,12_33/014,0,0
CommunicationPath_association_ends,12_33/015,0,0
Component_no_nested_classifiers,12_33/016,0,0
ClassifierTemplateParameter_has_constraining_classifier,12_33/017,0,0
CreateObjectAction_classifier_not_abstract,12_33/018,0,0
CreateObjectAction_classifier_not_association_class,12_33/019,0,0
InformationFlow_convey_classifiers,12_33/020,0,0
ActionInputPin_one_output_pin,12_33/021,0,0
ActionInputPin_input_pin,12_33/022,0,0
AcceptCallAction_unmarshall,13_35/000,16942.66667,8665
InformationItem_not_instantiable,13_35/000,16942.66667,8283
ObjectFlow_is_multicast_or_is_multireceive,13_35/000,16942.66667,8261
Parameter_stream_and_exception,13_35/000,16942.66667,7871
FinalState_no_regions,13_35/000,16942.66667,9209
Reception_same_name_as_signal,13_35/000,16942.66667,10755
State_submachine_or_regions,13_35/000,16942.66667,10489
ActivityParameterNode_has_parameters,13_35/000,16942.66667,17710
ActivityParameterNode_no_edges,13_35/000,16942.66667,9099
DecisionNode_decision_input_flow_incoming,13_35/001,180000,14336
Extend_extension_points,13_35/001,180000,35007
FinalState_no_outgoing_transitions,13_35/001,180000,9802
ForkNode_one_incoming_edge,13_35/001,180000,9369
InitialNode_no_incoming_edges,13_35/001,180000,9087
InitialNode_control_edges,13_35/001,180000,9606
JoinNode_one_outgoing_edge,13_35/001,180000,9615
MergeNode_one_outgoing_edge,13_35/002,9422.5,9612
Property_derived_union_is_read_only,13_35/002,9422.5,10798
Property_derived_union_is_derived,13_35/002,9422.5,11250
Property_subsetted_property_names,13_35/002,9422.5,11304
State_submachine_states,13_35/002,9422.5,11727
State_composite_states,13_35/002,9422.5,11710
ValuePin_no_incoming_edges,13_35/003,23294.75,9483
AcceptEventAction_no_output_pins,13_35/003,23294.75,10286
CallAction_synchronous_call,13_35/003,23294.75,13167
FinalNode_no_outgoing_edges,13_35/003,23294.75,10893
ConditionalNode_no_input_pins,13_35/004,8317.5,10693
Enumeration_immutable,13_35/004,8317.5,12075
Extension_is_binary,13_35/004,8317.5,10632
Pin_control_pins,13_35/004,8317.5,13351
Pin_not_unique,13_35/004,8317.5,12851
AcceptEventAction_no_input_pins,13_35/004,8317.5,13143
Node_internal_structure,13_35/005,180000,70589
StructuralFeatureAction_not_static,13_35/005,180000,86122
State_destinations_or_sources_of_transitions,13_35/006,0,0
ExecutionSpecification_same_lifeline,13_35/007,0,0
BehavioralFeature_abstract_no_method,13_35/008,0,0
InformationItem_has_no,13_35/009,0,0
ReadLinkObjectEndAction_ends_of_association,13_35/010,0,0
LinkAction_not_static,13_35/011,0,0
StringExpression_operands,13_35/012,0,0
Behavior_feature_of_context_classifier,13_35/013,0,0
CommunicationPath_association_ends,13_35/014,0,0
Component_no_nested_classifiers,13_35/015,0,0
ClassifierTemplateParameter_has_constraining_classifier,13_35/016,0,0
CreateObjectAction_classifier_not_abstract,13_35/017,0,0
CreateObjectAction_classifier_not_association_class,13_35/018,0,0
InformationFlow_convey_classifiers,13_35/019,0,0
ActionInputPin_one_output_pin,13_35/020,0,0
ActionInputPin_input_pin,13_35/021,0,0
AcceptCallAction_unmarshall,14_38/000,180000,8665
InformationItem_not_instantiable,14_38/000,180000,8283
ObjectFlow_is_multicast_or_is_multireceive,14_38/000,180000,8261
Parameter_stream_and_exception,14_38/000,180000,7871
FinalState_no_regions,14_38/000,180000,9209
Reception_same_name_as_signal,14_38/000,180000,10755
State_submachine_or_regions,14_38/000,180000,10489
ActivityParameterNode_has_parameters,14_38/000,180000,17710
ActivityParameterNode_no_edges,14_38/000,180000,9099
DecisionNode_decision_input_flow_incoming,14_38/000,180000,14336
Extend_extension_points,14_38/001,180000,35007
FinalState_no_outgoing_transitions,14_38/001,180000,9802
ForkNode_one_incoming_edge,14_38/001,180000,9369
InitialNode_no_incoming_edges,14_38/001,180000,9087
InitialNode_control_edges,14_38/001,180000,9606
JoinNode_one_outgoing_edge,14_38/001,180000,9615
MergeNode_one_outgoing_edge,14_38/001,180000,9612
Property_derived_union_is_read_only,14_38/002,10293.33333,10798
Property_derived_union_is_derived,14_38/002,10293.33333,11250
Property_subsetted_property_names,14_38/002,10293.33333,11304
State_submachine_states,14_38/002,10293.33333,11727
State_composite_states,14_38/002,10293.33333,11710
ValuePin_no_incoming_edges,14_38/002,10293.33333,9483
AcceptEventAction_no_output_pins,14_38/003,17527,10286
CallAction_synchronous_call,14_38/003,17527,13167
ConditionalNode_no_input_pins,14_38/003,17527,10693
Pin_not_unique,14_38/003,17527,12851
AcceptEventAction_no_input_pins,14_38/003,17527,13143
Enumeration_immutable,14_38/004,6012.25,12075
Extension_is_binary,14_38/004,6012.25,10632
FinalNode_no_outgoing_edges,14_38/004,6012.25,10893
Pin_control_pins,14_38/004,6012.25,13351
Node_internal_structure,14_38/005,180000,70589
StructuralFeatureAction_not_static,14_38/005,180000,86122
State_destinations_or_sources_of_transitions,14_38/006,180000,180000
BehavioralFeature_abstract_no_method,14_38/006,180000,34790
ExecutionSpecification_same_lifeline,14_38/007,0,0
InformationItem_has_no,14_38/008,0,0
ReadLinkObjectEndAction_ends_of_association,14_38/009,0,0
LinkAction_not_static,14_38/010,0,0
StringExpression_operands,14_38/011,0,0
Behavior_feature_of_context_classifier,14_38/012,0,0
CommunicationPath_association_ends,14_38/013,0,0
Component_no_nested_classifiers,14_38/014,0,0
ClassifierTemplateParameter_has_constraining_classifier,14_38/015,0,0
CreateObjectAction_classifier_not_abstract,14_38/016,0,0
CreateObjectAction_classifier_not_association_class,14_38/017,0,0
InformationFlow_convey_classifiers,14_38/018,0,0
ActionInputPin_one_output_pin,14_38/019,0,0
ActionInputPin_input_pin,14_38/020,0,0
AcceptCallAction_unmarshall,15_40/000,180000,8665
InformationItem_not_instantiable,15_40/000,180000,8283
ObjectFlow_is_multicast_or_is_multireceive,15_40/000,180000,8261
Parameter_stream_and_exception,15_40/000,180000,7871
FinalState_no_regions,15_40/000,180000,9209
Reception_same_name_as_signal,15_40/000,180000,10755
State_submachine_or_regions,15_40/000,180000,10489
ActivityParameterNode_has_parameters,15_40/000,180000,17710
ActivityParameterNode_no_edges,15_40/000,180000,9099
DecisionNode_decision_input_flow_incoming,15_40/000,180000,14336
Extend_extension_points,15_40/001,180000,35007
FinalState_no_outgoing_transitions,15_40/001,180000,9802
ForkNode_one_incoming_edge,15_40/001,180000,9369
InitialNode_no_incoming_edges,15_40/001,180000,9087
InitialNode_control_edges,15_40/001,180000,9606
JoinNode_one_outgoing_edge,15_40/001,180000,9615
MergeNode_one_outgoing_edge,15_40/001,180000,9612
Property_derived_union_is_read_only,15_40/002,14909.57143,10798
Property_derived_union_is_derived,15_40/002,14909.57143,11250
Property_subsetted_property_names,15_40/002,14909.57143,11304
State_submachine_states,15_40/002,14909.57143,11727
State_composite_states,15_40/002,14909.57143,11710
ValuePin_no_incoming_edges,15_40/002,14909.57143,9483
Pin_not_unique,15_40/002,14909.57143,12851
AcceptEventAction_no_output_pins,15_40/003,21008.5,10286
CallAction_synchronous_call,15_40/003,21008.5,13167
ConditionalNode_no_input_pins,15_40/003,21008.5,10693
AcceptEventAction_no_input_pins,15_40/003,21008.5,13143
Enumeration_immutable,15_40/004,6182.75,12075
Extension_is_binary,15_40/004,6182.75,10632
FinalNode_no_outgoing_edges,15_40/004,6182.75,10893
Pin_control_pins,15_40/004,6182.75,13351
Node_internal_structure,15_40/005,180000,70589
StructuralFeatureAction_not_static,15_40/005,180000,86122
State_destinations_or_sources_of_transitions,15_40/006,180000,180000
BehavioralFeature_abstract_no_method,15_40/006,180000,34790
ExecutionSpecification_same_lifeline,15_40/007,0,0
InformationItem_has_no,15_40/008,0,0
ReadLinkObjectEndAction_ends_of_association,15_40/009,0,0
LinkAction_not_static,15_40/010,0,0
StringExpression_operands,15_40/011,0,0
Behavior_feature_of_context_classifier,15_40/012,0,0
CommunicationPath_association_ends,15_40/013,0,0
Component_no_nested_classifiers,15_40/014,0,0
ClassifierTemplateParameter_has_constraining_classifier,15_40/015,0,0
CreateObjectAction_classifier_not_abstract,15_40/016,0,0
CreateObjectAction_classifier_not_association_class,15_40/017,0,0
InformationFlow_convey_classifiers,15_40/018,0,0
ActionInputPin_one_output_pin,15_40/019,0,0
ActionInputPin_input_pin,15_40/020,0,0
AcceptCallAction_unmarshall,16_43/000,180000,8665
InformationItem_not_instantiable,16_43/000,180000,8283
ObjectFlow_is_multicast_or_is_multireceive,16_43/000,180000,8261
Parameter_stream_and_exception,16_43/000,180000,7871
FinalState_no_regions,16_43/000,180000,9209
Reception_same_name_as_signal,16_43/000,180000,10755
State_submachine_or_regions,16_43/000,180000,10489
ActivityParameterNode_has_parameters,16_43/000,180000,17710
ActivityParameterNode_no_edges,16_43/000,180000,9099
DecisionNode_decision_input_flow_incoming,16_43/000,180000,14336
State_submachine_states,16_43/000,180000,11727
State_composite_states,16_43/000,180000,11710
Extend_extension_points,16_43/001,180000,35007
FinalState_no_outgoing_transitions,16_43/001,180000,9802
ForkNode_one_incoming_edge,16_43/001,180000,9369
InitialNode_no_incoming_edges,16_43/001,180000,9087
InitialNode_control_edges,16_43/001,180000,9606
JoinNode_one_outgoing_edge,16_43/001,180000,9615
MergeNode_one_outgoing_edge,16_43/001,180000,9612
Property_derived_union_is_read_only,16_43/001,180000,10798
Property_derived_union_is_derived,16_43/001,180000,11250
Property_subsetted_property_names,16_43/001,180000,11304
ValuePin_no_incoming_edges,16_43/002,23392.83333,9483
AcceptEventAction_no_output_pins,16_43/002,23392.83333,10286
CallAction_synchronous_call,16_43/002,23392.83333,13167
ConditionalNode_no_input_pins,16_43/002,23392.83333,10693
Pin_not_unique,16_43/002,23392.83333,12851
AcceptEventAction_no_input_pins,16_43/002,23392.83333,13143
Enumeration_immutable,16_43/003,6098.25,12075
Extension_is_binary,16_43/003,6098.25,10632
FinalNode_no_outgoing_edges,16_43/003,6098.25,10893
Pin_control_pins,16_43/003,6098.25,13351
Node_internal_structure,16_43/004,180000,70589
StructuralFeatureAction_not_static,16_43/004,180000,86122
State_destinations_or_sources_of_transitions,16_43/005,180000,180000
BehavioralFeature_abstract_no_method,16_43/005,180000,34790
ExecutionSpecification_same_lifeline,16_43/006,180000,52077
InformationItem_has_no,16_43/006,180000,11769
ReadLinkObjectEndAction_ends_of_association,16_43/007,0,0
LinkAction_not_static,16_43/008,0,0
StringExpression_operands,16_43/009,0,0
Behavior_feature_of_context_classifier,16_43/010,0,0
CommunicationPath_association_ends,16_43/011,0,0
Component_no_nested_classifiers,16_43/012,0,0
ClassifierTemplateParameter_has_constraining_classifier,16_43/013,0,0
CreateObjectAction_classifier_not_abstract,16_43/014,0,0
CreateObjectAction_classifier_not_association_class,16_43/015,0,0
InformationFlow_convey_classifiers,16_43/016,0,0
ActionInputPin_one_output_pin,16_43/017,0,0
ActionInputPin_input_pin,16_43/018,0,0
AcceptCallAction_unmarshall,17_45/000,180000,8665
InformationItem_not_instantiable,17_45/000,180000,8283
ObjectFlow_is_multicast_or_is_multireceive,17_45/000,180000,8261
Parameter_stream_and_exception,17_45/000,180000,7871
FinalState_no_regions,17_45/000,180000,9209
Reception_same_name_as_signal,17_45/000,180000,10755
State_submachine_or_regions,17_45/000,180000,10489
ActivityParameterNode_has_parameters,17_45/000,180000,17710
ActivityParameterNode_no_edges,17_45/000,180000,9099
DecisionNode_decision_input_flow_incoming,17_45/000,180000,14336
Extend_extension_points,17_45/000,180000,35007
FinalState_no_outgoing_transitions,17_45/001,180000,9802
ForkNode_one_incoming_edge,17_45/001,180000,9369
InitialNode_no_incoming_edges,17_45/001,180000,9087
InitialNode_control_edges,17_45/001,180000,9606
JoinNode_one_outgoing_edge,17_45/001,180000,9615
MergeNode_one_outgoing_edge,17_45/001,180000,9612
Property_derived_union_is_read_only,17_45/001,180000,10798
Property_derived_union_is_derived,17_45/001,180000,11250
Property_subsetted_property_names,17_45/001,180000,11304
State_submachine_states,17_45/001,180000,11727
State_composite_states,17_45/002,180000,11710
ValuePin_no_incoming_edges,17_45/002,180000,9483
AcceptEventAction_no_output_pins,17_45/002,180000,10286
CallAction_synchronous_call,17_45/002,180000,13167
ConditionalNode_no_input_pins,17_45/002,180000,10693
Enumeration_immutable,17_45/003,5472.333333,12075
Extension_is_binary,17_45/003,5472.333333,10632
FinalNode_no_outgoing_edges,17_45/003,5472.333333,10893
Pin_control_pins,17_45/003,5472.333333,13351
Pin_not_unique,17_45/003,5472.333333,12851
AcceptEventAction_no_input_pins,17_45/003,5472.333333,13143
Node_internal_structure,17_45/004,180000,70589
StructuralFeatureAction_not_static,17_45/004,180000,86122
State_destinations_or_sources_of_transitions,17_45/005,180000,180000
BehavioralFeature_abstract_no_method,17_45/005,180000,34790
ExecutionSpecification_same_lifeline,17_45/006,180000,52077
InformationItem_has_no,17_45/006,180000,11769
ReadLinkObjectEndAction_ends_of_association,17_45/007,0,0
LinkAction_not_static,17_45/008,0,0
StringExpression_operands,17_45/009,0,0
Behavior_feature_of_context_classifier,17_45/010,0,0
CommunicationPath_association_ends,17_45/011,0,0
Component_no_nested_classifiers,17_45/012,0,0
ClassifierTemplateParameter_has_constraining_classifier,17_45/013,0,0
CreateObjectAction_classifier_not_abstract,17_45/014,0,0
CreateObjectAction_classifier_not_association_class,17_45/015,0,0
InformationFlow_convey_classifiers,17_45/016,0,0
ActionInputPin_one_output_pin,17_45/017,0,0
ActionInputPin_input_pin,17_45/018,0,0
AcceptCallAction_unmarshall,18_48/000,180000,8665
InformationItem_not_instantiable,18_48/000,180000,8283
ObjectFlow_is_multicast_or_is_multireceive,18_48/000,180000,8261
Parameter_stream_and_exception,18_48/000,180000,7871
FinalState_no_regions,18_48/000,180000,9209
Reception_same_name_as_signal,18_48/000,180000,10755
State_submachine_or_regions,18_48/000,180000,10489
ActivityParameterNode_has_parameters,18_48/000,180000,17710
ActivityParameterNode_no_edges,18_48/000,180000,9099
DecisionNode_decision_input_flow_incoming,18_48/000,180000,14336
Extend_extension_points,18_48/000,180000,35007
ValuePin_no_incoming_edges,18_48/000,180000,9483
FinalState_no_outgoing_transitions,18_48/001,4245.454545,9802
ForkNode_one_incoming_edge,18_48/001,4245.454545,9369
InitialNode_no_incoming_edges,18_48/001,4245.454545,9087
InitialNode_control_edges,18_48/001,4245.454545,9606
JoinNode_one_outgoing_edge,18_48/001,4245.454545,9615
MergeNode_one_outgoing_edge,18_48/001,4245.454545,9612
Property_derived_union_is_read_only,18_48/001,4245.454545,10798
Property_derived_union_is_derived,18_48/001,4245.454545,11250
Property_subsetted_property_names,18_48/001,4245.454545,11304
State_submachine_states,18_48/001,4245.454545,11727
State_composite_states,18_48/001,4245.454545,11710
AcceptEventAction_no_output_pins,18_48/002,33546.8,10286
CallAction_synchronous_call,18_48/002,33546.8,13167
ConditionalNode_no_input_pins,18_48/002,33546.8,10693
Enumeration_immutable,18_48/002,33546.8,12075
Extension_is_binary,18_48/002,33546.8,10632
FinalNode_no_outgoing_edges,18_48/003,180000,10893
Pin_control_pins,18_48/003,180000,13351
Pin_not_unique,18_48/003,180000,12851
AcceptEventAction_no_input_pins,18_48/003,180000,13143
Node_internal_structure,18_48/003,180000,70589
State_destinations_or_sources_of_transitions,18_48/004,180000,180000
StructuralFeatureAction_not_static,18_48/004,180000,86122
ExecutionSpecification_same_lifeline,18_48/005,180000,52077
BehavioralFeature_abstract_no_method,18_48/005,180000,34790
InformationItem_has_no,18_48/006,0,0
ReadLinkObjectEndAction_ends_of_association,18_48/007,0,0
LinkAction_not_static,18_48/008,0,0
StringExpression_operands,18_48/009,0,0
Behavior_feature_of_context_classifier,18_48/010,0,0
CommunicationPath_association_ends,18_48/011,0,0
Component_no_nested_classifiers,18_48/012,0,0
ClassifierTemplateParameter_has_constraining_classifier,18_48/013,0,0
CreateObjectAction_classifier_not_abstract,18_48/014,0,0
CreateObjectAction_classifier_not_association_class,18_48/015,0,0
InformationFlow_convey_classifiers,18_48/016,0,0
ActionInputPin_one_output_pin,18_48/017,0,0
ActionInputPin_input_pin,18_48/018,0,0
AcceptCallAction_unmarshall,19_50/000,180000,8665
InformationItem_not_instantiable,19_50/000,180000,8283
ObjectFlow_is_multicast_or_is_multireceive,19_50/000,180000,8261
Parameter_stream_and_exception,19_50/000,180000,7871
FinalState_no_regions,19_50/000,180000,9209
Reception_same_name_as_signal,19_50/000,180000,10755
State_submachine_or_regions,19_50/000,180000,10489
ActivityParameterNode_has_parameters,19_50/000,180000,17710
ActivityParameterNode_no_edges,19_50/000,180000,9099
DecisionNode_decision_input_flow_incoming,19_50/000,180000,14336
Extend_extension_points,19_50/000,180000,35007
FinalState_no_outgoing_transitions,19_50/000,180000,9802
ForkNode_one_incoming_edge,19_50/001,2259.5,9369
InitialNode_no_incoming_edges,19_50/001,2259.5,9087
InitialNode_control_edges,19_50/001,2259.5,9606
JoinNode_one_outgoing_edge,19_50/001,2259.5,9615
MergeNode_one_outgoing_edge,19_50/001,2259.5,9612
Property_derived_union_is_read_only,19_50/001,2259.5,10798
Property_derived_union_is_derived,19_50/001,2259.5,11250
Property_subsetted_property_names,19_50/001,2259.5,11304
State_submachine_states,19_50/001,2259.5,11727
State_composite_states,19_50/001,2259.5,11710
ValuePin_no_incoming_edges,19_50/001,2259.5,9483
Extension_is_binary,19_50/001,2259.5,10632
AcceptEventAction_no_output_pins,19_50/002,36983,10286
CallAction_synchronous_call,19_50/002,36983,13167
ConditionalNode_no_input_pins,19_50/002,36983,10693
Enumeration_immutable,19_50/002,36983,12075
FinalNode_no_outgoing_edges,19_50/003,180000,10893
Pin_control_pins,19_50/003,180000,13351
Pin_not_unique,19_50/003,180000,12851
AcceptEventAction_no_input_pins,19_50/003,180000,13143
Node_internal_structure,19_50/003,180000,70589
State_destinations_or_sources_of_transitions,19_50/004,180000,180000
StructuralFeatureAction_not_static,19_50/004,180000,86122
ExecutionSpecification_same_lifeline,19_50/005,180000,52077
BehavioralFeature_abstract_no_method,19_50/005,180000,34790
InformationItem_has_no,19_50/006,0,0
ReadLinkObjectEndAction_ends_of_association,19_50/007,0,0
LinkAction_not_static,19_50/008,0,0
StringExpression_operands,19_50/009,0,0
Behavior_feature_of_context_classifier,19_50/010,0,0
CommunicationPath_association_ends,19_50/011,0,0
Component_no_nested_classifiers,19_50/012,0,0
ClassifierTemplateParameter_has_constraining_classifier,19_50/013,0,0
CreateObjectAction_classifier_not_abstract,19_50/014,0,0
CreateObjectAction_classifier_not_association_class,19_50/015,0,0
InformationFlow_convey_classifiers,19_50/016,0,0
ActionInputPin_one_output_pin,19_50/017,0,0
ActionInputPin_input_pin,19_50/018,0,0
AcceptCallAction_unmarshall,20_53/000,180000,8665
InformationItem_not_instantiable,20_53/000,180000,8283
ObjectFlow_is_multicast_or_is_multireceive,20_53/000,180000,8261
Parameter_stream_and_exception,20_53/000,180000,7871
FinalState_no_regions,20_53/000,180000,9209
Reception_same_name_as_signal,20_53/000,180000,10755
State_submachine_or_regions,20_53/000,180000,10489
ActivityParameterNode_has_parameters,20_53/000,180000,17710
ActivityParameterNode_no_edges,20_53/000,180000,9099
DecisionNode_decision_input_flow_incoming,20_53/000,180000,14336
Extend_extension_points,20_53/000,180000,35007
FinalState_no_outgoing_transitions,20_53/000,180000,9802
ForkNode_one_incoming_edge,20_53/000,180000,9369
InitialNode_no_incoming_edges,20_53/001,2146.181818,9087
InitialNode_control_edges,20_53/001,2146.181818,9606
JoinNode_one_outgoing_edge,20_53/001,2146.181818,9615
MergeNode_one_outgoing_edge,20_53/001,2146.181818,9612
Property_derived_union_is_read_only,20_53/001,2146.181818,10798
Property_derived_union_is_derived,20_53/001,2146.181818,11250
Property_subsetted_property_names,20_53/001,2146.181818,11304
State_submachine_states,20_53/001,2146.181818,11727
State_composite_states,20_53/001,2146.181818,11710
ValuePin_no_incoming_edges,20_53/001,2146.181818,9483
AcceptEventAction_no_output_pins,20_53/001,2146.181818,10286
CallAction_synchronous_call,20_53/002,16963.5,13167
ConditionalNode_no_input_pins,20_53/002,16963.5,10693
Enumeration_immutable,20_53/002,16963.5,12075
Extension_is_binary,20_53/002,16963.5,10632
FinalNode_no_outgoing_edges,20_53/002,16963.5,10893
Pin_control_pins,20_53/002,16963.5,13351
Pin_not_unique,20_53/002,16963.5,12851
AcceptEventAction_no_input_pins,20_53/002,16963.5,13143
Node_internal_structure,20_53/003,180000,70589
State_destinations_or_sources_of_transitions,20_53/003,180000,180000
ExecutionSpecification_same_lifeline,20_53/004,180000,52077
StructuralFeatureAction_not_static,20_53/004,180000,86122
BehavioralFeature_abstract_no_method,20_53/005,47632.5,34790
InformationItem_has_no,20_53/005,47632.5,11769
ReadLinkObjectEndAction_ends_of_association,20_53/006,0,0
LinkAction_not_static,20_53/007,0,0
StringExpression_operands,20_53/008,0,0
Behavior_feature_of_context_classifier,20_53/009,0,0
CommunicationPath_association_ends,20_53/010,0,0
Component_no_nested_classifiers,20_53/011,0,0
ClassifierTemplateParameter_has_constraining_classifier,20_53/012,0,0
CreateObjectAction_classifier_not_abstract,20_53/013,0,0
CreateObjectAction_classifier_not_association_class,20_53/014,0,0
InformationFlow_convey_classifiers,20_53/015,0,0
ActionInputPin_one_output_pin,20_53/016,0,0
ActionInputPin_input_pin,20_53/017,0,0
AcceptCallAction_unmarshall,21_55/000,180000,8665
InformationItem_not_instantiable,21_55/000,180000,8283
ObjectFlow_is_multicast_or_is_multireceive,21_55/000,180000,8261
Parameter_stream_and_exception,21_55/000,180000,7871
FinalState_no_regions,21_55/000,180000,9209
Reception_same_name_as_signal,21_55/000,180000,10755
State_submachine_or_regions,21_55/000,180000,10489
ActivityParameterNode_has_parameters,21_55/000,180000,17710
ActivityParameterNode_no_edges,21_55/000,180000,9099
DecisionNode_decision_input_flow_incoming,21_55/000,180000,14336
Extend_extension_points,21_55/000,180000,35007
FinalState_no_outgoing_transitions,21_55/000,180000,9802
ForkNode_one_incoming_edge,21_55/000,180000,9369
InitialNode_no_incoming_edges,21_55/000,180000,9087
InitialNode_control_edges,21_55/000,180000,9606
JoinNode_one_outgoing_edge,21_55/001,180000,9615
MergeNode_one_outgoing_edge,21_55/001,180000,9612
Property_derived_union_is_read_only,21_55/001,180000,10798
Property_derived_union_is_derived,21_55/001,180000,11250
Property_subsetted_property_names,21_55/001,180000,11304
State_submachine_states,21_55/001,180000,11727
State_composite_states,21_55/001,180000,11710
ValuePin_no_incoming_edges,21_55/001,180000,9483
AcceptEventAction_no_output_pins,21_55/001,180000,10286
CallAction_synchronous_call,21_55/001,180000,13167
ConditionalNode_no_input_pins,21_55/002,180000,10693
Enumeration_immutable,21_55/002,180000,12075
Extension_is_binary,21_55/002,180000,10632
FinalNode_no_outgoing_edges,21_55/002,180000,10893
Pin_control_pins,21_55/002,180000,13351
Pin_not_unique,21_55/002,180000,12851
AcceptEventAction_no_input_pins,21_55/002,180000,13143
Node_internal_structure,21_55/002,180000,70589
State_destinations_or_sources_of_transitions,21_55/003,180000,180000
StructuralFeatureAction_not_static,21_55/003,180000,86122
InformationItem_has_no,21_55/003,180000,11769
ExecutionSpecification_same_lifeline,21_55/004,180000,52077
BehavioralFeature_abstract_no_method,21_55/004,180000,34790
ReadLinkObjectEndAction_ends_of_association,21_55/005,0,0
LinkAction_not_static,21_55/006,0,0
StringExpression_operands,21_55/007,0,0
Behavior_feature_of_context_classifier,21_55/008,0,0
CommunicationPath_association_ends,21_55/009,0,0
Component_no_nested_classifiers,21_55/010,0,0
ClassifierTemplateParameter_has_constraining_classifier,21_55/011,0,0
CreateObjectAction_classifier_not_abstract,21_55/012,0,0
CreateObjectAction_classifier_not_association_class,21_55/013,0,0
InformationFlow_convey_classifiers,21_55/014,0,0
ActionInputPin_one_output_pin,21_55/015,0,0
ActionInputPin_input_pin,21_55/016,0,0
AcceptCallAction_unmarshall,22_58/000,180000,8665
InformationItem_not_instantiable,22_58/000,180000,8283
ObjectFlow_is_multicast_or_is_multireceive,22_58/000,180000,8261
Parameter_stream_and_exception,22_58/000,180000,7871
FinalState_no_regions,22_58/000,180000,9209
Reception_same_name_as_signal,22_58/000,180000,10755
State_submachine_or_regions,22_58/000,180000,10489
ActivityParameterNode_has_parameters,22_58/000,180000,17710
ActivityParameterNode_no_edges,22_58/000,180000,9099
DecisionNode_decision_input_flow_incoming,22_58/000,180000,14336
Extend_extension_points,22_58/000,180000,35007
FinalState_no_outgoing_transitions,22_58/000,180000,9802
ForkNode_one_incoming_edge,22_58/000,180000,9369
InitialNode_no_incoming_edges,22_58/000,180000,9087
InitialNode_control_edges,22_58/000,180000,9606
JoinNode_one_outgoing_edge,22_58/000,180000,9615
MergeNode_one_outgoing_edge,22_58/001,180000,9612
Property_derived_union_is_read_only,22_58/001,180000,10798
Property_derived_union_is_derived,22_58/001,180000,11250
Property_subsetted_property_names,22_58/001,180000,11304
State_submachine_states,22_58/001,180000,11727
State_composite_states,22_58/001,180000,11710
ValuePin_no_incoming_edges,22_58/001,180000,9483
AcceptEventAction_no_output_pins,22_58/001,180000,10286
CallAction_synchronous_call,22_58/001,180000,13167
ConditionalNode_no_input_pins,22_58/001,180000,10693
Enumeration_immutable,22_58/002,180000,12075
Extension_is_binary,22_58/002,180000,10632
FinalNode_no_outgoing_edges,22_58/002,180000,10893
Pin_control_pins,22_58/002,180000,13351
Pin_not_unique,22_58/002,180000,12851
AcceptEventAction_no_input_pins,22_58/002,180000,13143
Node_internal_structure,22_58/002,180000,70589
State_destinations_or_sources_of_transitions,22_58/003,180000,180000
StructuralFeatureAction_not_static,22_58/003,180000,86122
InformationItem_has_no,22_58/003,180000,11769
ExecutionSpecification_same_lifeline,22_58/004,180000,52077
BehavioralFeature_abstract_no_method,22_58/004,180000,34790
ReadLinkObjectEndAction_ends_of_association,22_58/005,0,0
LinkAction_not_static,22_58/006,0,0
StringExpression_operands,22_58/007,0,0
Behavior_feature_of_context_classifier,22_58/008,0,0
CommunicationPath_association_ends,22_58/009,0,0
Component_no_nested_classifiers,22_58/010,0,0
ClassifierTemplateParameter_has_constraining_classifier,22_58/011,0,0
CreateObjectAction_classifier_not_abstract,22_58/012,0,0
CreateObjectAction_classifier_not_association_class,22_58/013,0,0
InformationFlow_convey_classifiers,22_58/014,0,0
ActionInputPin_one_output_pin,22_58/015,0,0
ActionInputPin_input_pin,22_58/016,0,0
AcceptCallAction_unmarshall,3_10/000,4367.5,8665
InformationItem_not_instantiable,3_10/000,4367.5,8283
ObjectFlow_is_multicast_or_is_multireceive,3_10/001,4071.5,8261
Parameter_stream_and_exception,3_10/001,4071.5,7871
FinalState_no_regions,3_10/002,0,0
Reception_same_name_as_signal,3_10/003,0,0
State_submachine_or_regions,3_10/004,0,0
ActivityParameterNode_has_parameters,3_10/005,0,0
ActivityParameterNode_no_edges,3_10/006,0,0
DecisionNode_decision_input_flow_incoming,3_10/007,0,0
Extend_extension_points,3_10/008,0,0
FinalState_no_outgoing_transitions,3_10/009,0,0
ForkNode_one_incoming_edge,3_10/010,0,0
InitialNode_no_incoming_edges,3_10/011,0,0
InitialNode_control_edges,3_10/012,0,0
JoinNode_one_outgoing_edge,3_10/013,0,0
MergeNode_one_outgoing_edge,3_10/014,0,0
Property_derived_union_is_read_only,3_10/015,0,0
Property_derived_union_is_derived,3_10/016,0,0
Property_subsetted_property_names,3_10/017,0,0
State_submachine_states,3_10/018,0,0
State_composite_states,3_10/019,0,0
ValuePin_no_incoming_edges,3_10/020,0,0
AcceptEventAction_no_output_pins,3_10/021,0,0
CallAction_synchronous_call,3_10/022,0,0
ConditionalNode_no_input_pins,3_10/023,0,0
Enumeration_immutable,3_10/024,0,0
Extension_is_binary,3_10/025,0,0
FinalNode_no_outgoing_edges,3_10/026,0,0
Pin_control_pins,3_10/027,0,0
Pin_not_unique,3_10/028,0,0
AcceptEventAction_no_input_pins,3_10/029,0,0
Node_internal_structure,3_10/030,0,0
State_destinations_or_sources_of_transitions,3_10/031,0,0
ExecutionSpecification_same_lifeline,3_10/032,0,0
StructuralFeatureAction_not_static,3_10/033,0,0
BehavioralFeature_abstract_no_method,3_10/034,0,0
InformationItem_has_no,3_10/035,0,0
ReadLinkObjectEndAction_ends_of_association,3_10/036,0,0
LinkAction_not_static,3_10/037,0,0
StringExpression_operands,3_10/038,0,0
Behavior_feature_of_context_classifier,3_10/039,0,0
CommunicationPath_association_ends,3_10/040,0,0
Component_no_nested_classifiers,3_10/041,0,0
ClassifierTemplateParameter_has_constraining_classifier,3_10/042,0,0
CreateObjectAction_classifier_not_abstract,3_10/043,0,0
CreateObjectAction_classifier_not_association_class,3_10/044,0,0
InformationFlow_convey_classifiers,3_10/045,0,0
ActionInputPin_one_output_pin,3_10/046,0,0
ActionInputPin_input_pin,3_10/047,0,0
AcceptCallAction_unmarshall,4_13/000,3157.333333,8665
InformationItem_not_instantiable,4_13/000,3157.333333,8283
ObjectFlow_is_multicast_or_is_multireceive,4_13/000,3157.333333,8261
Parameter_stream_and_exception,4_13/001,4469.5,7871
FinalState_no_regions,4_13/001,4469.5,9209
Reception_same_name_as_signal,4_13/002,0,0
State_submachine_or_regions,4_13/003,6315,10489
State_submachine_states,4_13/003,6315,11727
ActivityParameterNode_has_parameters,4_13/004,0,0
ActivityParameterNode_no_edges,4_13/005,0,0
DecisionNode_decision_input_flow_incoming,4_13/006,0,0
Extend_extension_points,4_13/007,0,0
FinalState_no_outgoing_transitions,4_13/008,0,0
ForkNode_one_incoming_edge,4_13/009,0,0
InitialNode_no_incoming_edges,4_13/010,5505,9087
InitialNode_control_edges,4_13/010,5505,9606
JoinNode_one_outgoing_edge,4_13/011,0,0
MergeNode_one_outgoing_edge,4_13/012,0,0
Property_derived_union_is_read_only,4_13/013,5842.5,10798
Property_derived_union_is_derived,4_13/013,5842.5,11250
Property_subsetted_property_names,4_13/014,0,0
State_composite_states,4_13/015,0,0
ValuePin_no_incoming_edges,4_13/016,0,0
AcceptEventAction_no_output_pins,4_13/017,0,0
CallAction_synchronous_call,4_13/018,0,0
ConditionalNode_no_input_pins,4_13/019,0,0
Enumeration_immutable,4_13/020,0,0
Extension_is_binary,4_13/021,0,0
FinalNode_no_outgoing_edges,4_13/022,0,0
Pin_control_pins,4_13/023,0,0
Pin_not_unique,4_13/024,0,0
AcceptEventAction_no_input_pins,4_13/025,0,0
Node_internal_structure,4_13/026,0,0
State_destinations_or_sources_of_transitions,4_13/027,0,0
ExecutionSpecification_same_lifeline,4_13/028,0,0
StructuralFeatureAction_not_static,4_13/029,0,0
BehavioralFeature_abstract_no_method,4_13/030,0,0
InformationItem_has_no,4_13/031,0,0
ReadLinkObjectEndAction_ends_of_association,4_13/032,0,0
LinkAction_not_static,4_13/033,0,0
StringExpression_operands,4_13/034,0,0
Behavior_feature_of_context_classifier,4_13/035,0,0
CommunicationPath_association_ends,4_13/036,0,0
Component_no_nested_classifiers,4_13/037,0,0
ClassifierTemplateParameter_has_constraining_classifier,4_13/038,0,0
CreateObjectAction_classifier_not_abstract,4_13/039,0,0
CreateObjectAction_classifier_not_association_class,4_13/040,0,0
InformationFlow_convey_classifiers,4_13/041,0,0
ActionInputPin_one_output_pin,4_13/042,0,0
ActionInputPin_input_pin,4_13/043,0,0
AcceptCallAction_unmarshall,5_15/000,2621,8665
InformationItem_not_instantiable,5_15/000,2621,8283
ObjectFlow_is_multicast_or_is_multireceive,5_15/000,2621,8261
Parameter_stream_and_exception,5_15/000,2621,7871
FinalState_no_regions,5_15/001,5710.5,9209
Reception_same_name_as_signal,5_15/001,5710.5,10755
State_submachine_or_regions,5_15/002,6096,10489
FinalState_no_outgoing_transitions,5_15/002,6096,9802
ActivityParameterNode_has_parameters,5_15/003,0,0
ActivityParameterNode_no_edges,5_15/004,6547.5,9099
DecisionNode_decision_input_flow_incoming,5_15/004,6547.5,14336
Extend_extension_points,5_15/005,0,0
ForkNode_one_incoming_edge,5_15/006,3706,9369
InitialNode_no_incoming_edges,5_15/006,3706,9087
InitialNode_control_edges,5_15/006,3706,9606
JoinNode_one_outgoing_edge,5_15/007,5094.5,9615
MergeNode_one_outgoing_edge,5_15/007,5094.5,9612
Property_derived_union_is_read_only,5_15/008,6855.666667,10798
Property_derived_union_is_derived,5_15/008,6855.666667,11250
Enumeration_immutable,5_15/008,6855.666667,12075
Property_subsetted_property_names,5_15/009,0,0
State_submachine_states,5_15/010,7772,11727
State_composite_states,5_15/010,7772,11710
ValuePin_no_incoming_edges,5_15/011,0,0
AcceptEventAction_no_output_pins,5_15/012,0,0
CallAction_synchronous_call,5_15/013,0,0
ConditionalNode_no_input_pins,5_15/014,0,0
Extension_is_binary,5_15/015,0,0
FinalNode_no_outgoing_edges,5_15/016,0,0
Pin_control_pins,5_15/017,7830,13351
Pin_not_unique,5_15/017,7830,12851
AcceptEventAction_no_input_pins,5_15/018,0,0
Node_internal_structure,5_15/019,0,0
State_destinations_or_sources_of_transitions,5_15/020,0,0
ExecutionSpecification_same_lifeline,5_15/021,0,0
StructuralFeatureAction_not_static,5_15/022,0,0
BehavioralFeature_abstract_no_method,5_15/023,0,0
InformationItem_has_no,5_15/024,0,0
ReadLinkObjectEndAction_ends_of_association,5_15/025,0,0
LinkAction_not_static,5_15/026,0,0
StringExpression_operands,5_15/027,0,0
Behavior_feature_of_context_classifier,5_15/028,0,0
CommunicationPath_association_ends,5_15/029,0,0
Component_no_nested_classifiers,5_15/030,0,0
ClassifierTemplateParameter_has_constraining_classifier,5_15/031,0,0
CreateObjectAction_classifier_not_abstract,5_15/032,0,0
CreateObjectAction_classifier_not_association_class,5_15/033,0,0
InformationFlow_convey_classifiers,5_15/034,0,0
ActionInputPin_one_output_pin,5_15/035,0,0
ActionInputPin_input_pin,5_15/036,0,0
AcceptCallAction_unmarshall,6_18/000,3926.5,8665
InformationItem_not_instantiable,6_18/000,3926.5,8283
ObjectFlow_is_multicast_or_is_multireceive,6_18/000,3926.5,8261
Parameter_stream_and_exception,6_18/000,3926.5,7871
FinalState_no_regions,6_18/001,5053.666667,9209
Reception_same_name_as_signal,6_18/001,5053.666667,10755
State_submachine_or_regions,6_18/001,5053.666667,10489
ActivityParameterNode_has_parameters,6_18/002,9333.5,17710
ActivityParameterNode_no_edges,6_18/002,9333.5,9099
DecisionNode_decision_input_flow_incoming,6_18/003,4295.25,14336
ForkNode_one_incoming_edge,6_18/003,4295.25,9369
InitialNode_no_incoming_edges,6_18/003,4295.25,9087
InitialNode_control_edges,6_18/003,4295.25,9606
Extend_extension_points,6_18/004,0,0
FinalState_no_outgoing_transitions,6_18/005,7031.5,9802
State_submachine_states,6_18/005,7031.5,11727
JoinNode_one_outgoing_edge,6_18/006,3530.333333,9615
MergeNode_one_outgoing_edge,6_18/006,3530.333333,9612
ValuePin_no_incoming_edges,6_18/006,3530.333333,9483
Property_derived_union_is_read_only,6_18/007,5384.25,10798
Property_derived_union_is_derived,6_18/007,5384.25,11250
Enumeration_immutable,6_18/007,5384.25,12075
Extension_is_binary,6_18/007,5384.25,10632
Property_subsetted_property_names,6_18/008,0,0
State_composite_states,6_18/009,0,0
AcceptEventAction_no_output_pins,6_18/010,0,0
CallAction_synchronous_call,6_18/011,0,0
ConditionalNode_no_input_pins,6_18/012,6034.666667,10693
Pin_control_pins,6_18/012,6034.666667,13351
Pin_not_unique,6_18/012,6034.666667,12851
FinalNode_no_outgoing_edges,6_18/013,0,0
AcceptEventAction_no_input_pins,6_18/014,0,0
Node_internal_structure,6_18/015,0,0
State_destinations_or_sources_of_transitions,6_18/016,0,0
ExecutionSpecification_same_lifeline,6_18/017,0,0
StructuralFeatureAction_not_static,6_18/018,0,0
BehavioralFeature_abstract_no_method,6_18/019,0,0
InformationItem_has_no,6_18/020,0,0
ReadLinkObjectEndAction_ends_of_association,6_18/021,0,0
LinkAction_not_static,6_18/022,0,0
StringExpression_operands,6_18/023,0,0
Behavior_feature_of_context_classifier,6_18/024,0,0
CommunicationPath_association_ends,6_18/025,0,0
Component_no_nested_classifiers,6_18/026,0,0
ClassifierTemplateParameter_has_constraining_classifier,6_18/027,0,0
CreateObjectAction_classifier_not_abstract,6_18/028,0,0
CreateObjectAction_classifier_not_association_class,6_18/029,0,0
InformationFlow_convey_classifiers,6_18/030,0,0
ActionInputPin_one_output_pin,6_18/031,0,0
ActionInputPin_input_pin,6_18/032,0,0
AcceptCallAction_unmarshall,7_20/000,3370.8,8665
InformationItem_not_instantiable,7_20/000,3370.8,8283
ObjectFlow_is_multicast_or_is_multireceive,7_20/000,3370.8,8261
Parameter_stream_and_exception,7_20/000,3370.8,7871
FinalState_no_regions,7_20/000,3370.8,9209
Reception_same_name_as_signal,7_20/001,6269,10755
State_submachine_or_regions,7_20/001,6269,10489
State_composite_states,7_20/001,6269,11710
ActivityParameterNode_has_parameters,7_20/002,9970.666667,17710
ActivityParameterNode_no_edges,7_20/002,9970.666667,9099
DecisionNode_decision_input_flow_incoming,7_20/002,9970.666667,14336
Extend_extension_points,7_20/003,49137,35007
FinalState_no_outgoing_transitions,7_20/003,49137,9802
ForkNode_one_incoming_edge,7_20/004,2878.4,9369
InitialNode_no_incoming_edges,7_20/004,2878.4,9087
InitialNode_control_edges,7_20/004,2878.4,9606
JoinNode_one_outgoing_edge,7_20/004,2878.4,9615
MergeNode_one_outgoing_edge,7_20/004,2878.4,9612
Property_derived_union_is_read_only,7_20/005,6501,10798
Property_derived_union_is_derived,7_20/005,6501,11250
State_submachine_states,7_20/005,6501,11727
Property_subsetted_property_names,7_20/006,0,0
ValuePin_no_incoming_edges,7_20/007,7736,9483
ConditionalNode_no_input_pins,7_20/007,7736,10693
AcceptEventAction_no_output_pins,7_20/008,0,0
CallAction_synchronous_call,7_20/009,0,0
Enumeration_immutable,7_20/010,7542.5,12075
Extension_is_binary,7_20/010,7542.5,10632
FinalNode_no_outgoing_edges,7_20/011,0,0
Pin_control_pins,7_20/012,7626,13351
Pin_not_unique,7_20/012,7626,12851
AcceptEventAction_no_input_pins,7_20/012,7626,13143
Node_internal_structure,7_20/013,0,0
State_destinations_or_sources_of_transitions,7_20/014,0,0
ExecutionSpecification_same_lifeline,7_20/015,0,0
StructuralFeatureAction_not_static,7_20/016,0,0
BehavioralFeature_abstract_no_method,7_20/017,0,0
InformationItem_has_no,7_20/018,0,0
ReadLinkObjectEndAction_ends_of_association,7_20/019,0,0
LinkAction_not_static,7_20/020,0,0
StringExpression_operands,7_20/021,0,0
Behavior_feature_of_context_classifier,7_20/022,0,0
CommunicationPath_association_ends,7_20/023,0,0
Component_no_nested_classifiers,7_20/024,0,0
ClassifierTemplateParameter_has_constraining_classifier,7_20/025,0,0
CreateObjectAction_classifier_not_abstract,7_20/026,0,0
CreateObjectAction_classifier_not_association_class,7_20/027,0,0
InformationFlow_convey_classifiers,7_20/028,0,0
ActionInputPin_one_output_pin,7_20/029,0,0
ActionInputPin_input_pin,7_20/030,0,0
AcceptCallAction_unmarshall,8_23/000,3764.8,8665
InformationItem_not_instantiable,8_23/000,3764.8,8283
ObjectFlow_is_multicast_or_is_multireceive,8_23/000,3764.8,8261
Parameter_stream_and_exception,8_23/000,3764.8,7871
FinalState_no_regions,8_23/000,3764.8,9209
Reception_same_name_as_signal,8_23/001,19789,10755
State_submachine_or_regions,8_23/001,19789,10489
ActivityParameterNode_has_parameters,8_23/001,19789,17710
ActivityParameterNode_no_edges,8_23/002,33651,9099
DecisionNode_decision_input_flow_incoming,8_23/002,33651,14336
Extend_extension_points,8_23/002,33651,35007
FinalState_no_outgoing_transitions,8_23/003,4513.25,9802
ForkNode_one_incoming_edge,8_23/003,4513.25,9369
InitialNode_no_incoming_edges,8_23/003,4513.25,9087
InitialNode_control_edges,8_23/003,4513.25,9606
JoinNode_one_outgoing_edge,8_23/004,6206.75,9615
MergeNode_one_outgoing_edge,8_23/004,6206.75,9612
Property_derived_union_is_read_only,8_23/004,6206.75,10798
Property_derived_union_is_derived,8_23/004,6206.75,11250
Property_subsetted_property_names,8_23/005,6235.5,11304
State_submachine_states,8_23/005,6235.5,11727
State_composite_states,8_23/006,7602.5,11710
ValuePin_no_incoming_edges,8_23/006,7602.5,9483
AcceptEventAction_no_output_pins,8_23/007,10419.5,10286
CallAction_synchronous_call,8_23/007,10419.5,13167
ConditionalNode_no_input_pins,8_23/008,7952.75,10693
Pin_control_pins,8_23/008,7952.75,13351
Pin_not_unique,8_23/008,7952.75,12851
AcceptEventAction_no_input_pins,8_23/008,7952.75,13143
Enumeration_immutable,8_23/009,7592,12075
Extension_is_binary,8_23/009,7592,10632
FinalNode_no_outgoing_edges,8_23/010,0,0
Node_internal_structure,8_23/011,0,0
State_destinations_or_sources_of_transitions,8_23/012,0,0
ExecutionSpecification_same_lifeline,8_23/013,0,0
StructuralFeatureAction_not_static,8_23/014,0,0
BehavioralFeature_abstract_no_method,8_23/015,0,0
InformationItem_has_no,8_23/016,0,0
ReadLinkObjectEndAction_ends_of_association,8_23/017,0,0
LinkAction_not_static,8_23/018,0,0
StringExpression_operands,8_23/019,0,0
Behavior_feature_of_context_classifier,8_23/020,0,0
CommunicationPath_association_ends,8_23/021,0,0
Component_no_nested_classifiers,8_23/022,0,0
ClassifierTemplateParameter_has_constraining_classifier,8_23/023,0,0
CreateObjectAction_classifier_not_abstract,8_23/024,0,0
CreateObjectAction_classifier_not_association_class,8_23/025,0,0
InformationFlow_convey_classifiers,8_23/026,0,0
ActionInputPin_one_output_pin,8_23/027,0,0
ActionInputPin_input_pin,8_23/028,0,0
AcceptCallAction_unmarshall,9_25/000,6075,8665
InformationItem_not_instantiable,9_25/000,6075,8283
ObjectFlow_is_multicast_or_is_multireceive,9_25/000,6075,8261
Parameter_stream_and_exception,9_25/000,6075,7871
FinalState_no_regions,9_25/000,6075,9209
Reception_same_name_as_signal,9_25/000,6075,10755
State_submachine_or_regions,9_25/001,14131.25,10489
ActivityParameterNode_has_parameters,9_25/001,14131.25,17710
ActivityParameterNode_no_edges,9_25/001,14131.25,9099
DecisionNode_decision_input_flow_incoming,9_25/001,14131.25,14336
Extend_extension_points,9_25/002,180000,35007
FinalState_no_outgoing_transitions,9_25/002,180000,9802
State_submachine_states,9_25/002,180000,11727
ForkNode_one_incoming_edge,9_25/003,3435.6,9369
InitialNode_no_incoming_edges,9_25/003,3435.6,9087
InitialNode_control_edges,9_25/003,3435.6,9606
JoinNode_one_outgoing_edge,9_25/003,3435.6,9615
MergeNode_one_outgoing_edge,9_25/003,3435.6,9612
Property_derived_union_is_read_only,9_25/004,4818.333333,10798
Property_derived_union_is_derived,9_25/004,4818.333333,11250
Property_subsetted_property_names,9_25/004,4818.333333,11304
State_composite_states,9_25/005,7455,11710
ValuePin_no_incoming_edges,9_25/005,7455,9483
AcceptEventAction_no_output_pins,9_25/006,9372,10286
CallAction_synchronous_call,9_25/006,9372,13167
ConditionalNode_no_input_pins,9_25/007,13994,10693
Enumeration_immutable,9_25/007,13994,12075
Extension_is_binary,9_25/008,10094,10632
FinalNode_no_outgoing_edges,9_25/008,10094,10893
Pin_control_pins,9_25/009,7893.666667,13351
Pin_not_unique,9_25/009,7893.666667,12851
AcceptEventAction_no_input_pins,9_25/009,7893.666667,13143
Node_internal_structure,9_25/010,0,0
State_destinations_or_sources_of_transitions,9_25/011,0,0
ExecutionSpecification_same_lifeline,9_25/012,0,0
StructuralFeatureAction_not_static,9_25/013,0,0
BehavioralFeature_abstract_no_method,9_25/014,0,0
InformationItem_has_no,9_25/015,0,0
ReadLinkObjectEndAction_ends_of_association,9_25/016,0,0
LinkAction_not_static,9_25/017,0,0
StringExpression_operands,9_25/018,0,0
Behavior_feature_of_context_classifier,9_25/019,0,0
CommunicationPath_association_ends,9_25/020,0,0
Component_no_nested_classifiers,9_25/021,0,0
ClassifierTemplateParameter_has_constraining_classifier,9_25/022,0,0
CreateObjectAction_classifier_not_abstract,9_25/023,0,0
CreateObjectAction_classifier_not_association_class,9_25/024,0,0
InformationFlow_convey_classifiers,9_25/025,0,0
ActionInputPin_one_output_pin,9_25/026,0,0
ActionInputPin_input_pin,9_25/027,0,0